fichier,nom_drive,id_drive,num_planche
videos/montage-shooting-01.mp4,Autre/Shooting Chef Eyad V2 pre opening/Untitled Project 14.mp4,1p7-5r1fpTk7X4cg7vUnSiYIzT8oNLOsx,1
videos/montage-shooting-02.mp4,Autre/Shooting Chef Eyad V2 pre opening/Untitled Project 19.mp4,1fpbllhqNA_6dJqxTQtdDkYmSDJ9Htfno,2
videos/riz-preparation-01.mov,swisstransfer_ea42cfec-4d66-4e94-87a1-41238782f7f6/IMG_0424.MOV,1aZOP5_FOxgqY1YObc0d0rbUyccfWGmal,3
videos/riz-preparation-02.mov,swisstransfer_ea42cfec-4d66-4e94-87a1-41238782f7f6/IMG_0425.MOV,1ab4ifKt3hc4jOsFYMw9i9L0XARThT4jk,4
videos/riz-preparation-03.mov,swisstransfer_ea42cfec-4d66-4e94-87a1-41238782f7f6/IMG_0426.MOV,1agLVWw91rYzfb3DdJ_uH3b6wQc3fngrX,5
videos/riz-preparation-04.mov,swisstransfer_ea42cfec-4d66-4e94-87a1-41238782f7f6/IMG_0427.MOV,1agRxJZHyXrRb3diumnsO1jMe4vmf-K_I,6
videos/poisson-riz-01.mov,swisstransfer_ea42cfec-4d66-4e94-87a1-41238782f7f6/IMG_0428.MOV,1amXW9MFz2tqtfbCn95ei1q72l01umFI0,7
videos/poisson-riz-02.mov,swisstransfer_ea42cfec-4d66-4e94-87a1-41238782f7f6/IMG_0429.MOV,1asqnLS6Srt-uAgthgU18o9b9NDB_oWlY,8
videos/poisson-riz-03.mov,swisstransfer_ea42cfec-4d66-4e94-87a1-41238782f7f6/IMG_0430.MOV,1av0v5clVlLVfcbsDQVidYx8csolmfOKX,9
videos/poisson-riz-04.mov,swisstransfer_ea42cfec-4d66-4e94-87a1-41238782f7f6/IMG_0431.MOV,1b15ZcpE2wAuHHpwpTPz0RMdYoVCsbvhB,10
videos/poisson-riz-05.mov,swisstransfer_ea42cfec-4d66-4e94-87a1-41238782f7f6/IMG_0432.MOV,1b6KJ-bFiVqqOObP2gTn1F8hEXtna8Pat,11
videos/poisson-riz-06.mov,swisstransfer_ea42cfec-4d66-4e94-87a1-41238782f7f6/IMG_0433.MOV,1b5XztgoPFKRPrLBmI6K0wSLprs4hyw7r,12
videos/poisson-riz-07.mov,swisstransfer_ea42cfec-4d66-4e94-87a1-41238782f7f6/IMG_0434.MOV,1b75drkiES7Sj11uIEdSwJHMKkuH3kln8,13
videos/poisson-riz-08.mov,swisstransfer_ea42cfec-4d66-4e94-87a1-41238782f7f6/IMG_0435.MOV,1b7FBqWNR5nryvUW3LQBI9X17gaTVtqz1,14
videos/poisson-riz-09.mov,swisstransfer_ea42cfec-4d66-4e94-87a1-41238782f7f6/IMG_0436.MOV,1b9q44lc9Ha3Fn-dM70jqMdmUxJXxXpFw,15
videos/poisson-riz-10.mov,swisstransfer_ea42cfec-4d66-4e94-87a1-41238782f7f6/IMG_0437.MOV,1b98gD1CHOTo4_Cesa6dnx7q51dSyIzSn,16
videos/poisson-riz-11.mov,swisstransfer_ea42cfec-4d66-4e94-87a1-41238782f7f6/IMG_0438.MOV,1bBBFAxuR_RzOpdHi8R1RuArxKoqMCJ2A,17
videos/poisson-riz-12.mov,swisstransfer_ea42cfec-4d66-4e94-87a1-41238782f7f6/IMG_0439.MOV,1bCCUhZCaa27ymEinSlQg6IM78u6XBgx_,18
videos/poisson-riz-13.mov,swisstransfer_ea42cfec-4d66-4e94-87a1-41238782f7f6/IMG_0440.MOV,1bEGiim9r5EO3MZjbG0uskwETMY-g_rKo,19
videos/poisson-riz-14.mov,swisstransfer_ea42cfec-4d66-4e94-87a1-41238782f7f6/IMG_0441.MOV,1bOgRzqGELChvkRd8M5KSv-4K6If26Jak,20
videos/poisson-riz-15.mov,swisstransfer_ea42cfec-4d66-4e94-87a1-41238782f7f6/IMG_0442.mov,1bUGOmsexiyN1yw2po4RvNOENWUqzgnHA,21
videos/poisson-riz-16.mov,swisstransfer_ea42cfec-4d66-4e94-87a1-41238782f7f6/IMG_0443.MOV,1bU-4t6hL319qRVbv617s84IRIwVUu5Mm,22
videos/roulade-riz-01.mov,swisstransfer_ea42cfec-4d66-4e94-87a1-41238782f7f6/IMG_0444.MOV,1bWw8tVebRIpUxw7X4qsje1B7C8TTiO7f,23
videos/roulade-riz-02.mov,swisstransfer_ea42cfec-4d66-4e94-87a1-41238782f7f6/IMG_0450.MOV,1beL1Ve7KNKm7izaHJd2NMkv9b6zrLVRI,24
videos/roulade-riz-03.mov,swisstransfer_ea42cfec-4d66-4e94-87a1-41238782f7f6/IMG_0451.MOV,1bfli8jLlBeS3nPitch_bRnYj-DVKdDi0,25
videos/roulade-riz-04.mov,swisstransfer_ea42cfec-4d66-4e94-87a1-41238782f7f6/IMG_0452.MOV,1bipJn0f-R4mqXddgXJh6YjJEdASHaAMq,26
videos/roulade-riz-05.mov,swisstransfer_ea42cfec-4d66-4e94-87a1-41238782f7f6/IMG_0453.MOV,1bjlJ2sYkmvfunWSQTlahJpcndE77nT_E,27
videos/roulade-riz-06.mov,swisstransfer_ea42cfec-4d66-4e94-87a1-41238782f7f6/IMG_0454.MOV,1btTWE9qQmZyTj__6RtxdvODvc8WEDIgi,28
videos/roulade-riz-07.mov,swisstransfer_ea42cfec-4d66-4e94-87a1-41238782f7f6/IMG_0455.MOV,1bvi-De7Z-7F9gZdDUS-im0Dbme3wnQMe,29
videos/roulade-riz-08.mov,swisstransfer_ea42cfec-4d66-4e94-87a1-41238782f7f6/IMG_0456.MOV,1bvkqYK7Fw-fEmPE7ogdWLM5BLGDKyJA6,30
videos/roulade-riz-09.mov,swisstransfer_ea42cfec-4d66-4e94-87a1-41238782f7f6/IMG_0457.MOV,1bwA4Hf_zRAoltgiX7HEKk8FnBVDzmGOk,31
videos/poulet-farci-riz-01.mov,swisstransfer_ea42cfec-4d66-4e94-87a1-41238782f7f6/IMG_0458.MOV,1c-kWa_-8pilOMvzg6zfLjIrkcD5tBjZh,32
videos/poulet-farci-riz-02.mov,swisstransfer_ea42cfec-4d66-4e94-87a1-41238782f7f6/IMG_0459.MOV,1cB5FrAWe_j6M4i3s8eWS1Ul4-bd-xk6A,33
videos/poulet-farci-riz-03.mov,swisstransfer_ea42cfec-4d66-4e94-87a1-41238782f7f6/IMG_0460.MOV,1cCKp8-4u26hGz_tzBCz2AjxFlqbINNyD,34
videos/poulet-farci-riz-04.mov,swisstransfer_ea42cfec-4d66-4e94-87a1-41238782f7f6/IMG_0461.MOV,1cCktMMAbqr8XLq0x5Dvkw4c4dAAyRUdy,35
videos/poulet-farci-riz-05.mov,swisstransfer_ea42cfec-4d66-4e94-87a1-41238782f7f6/IMG_0462.MOV,1cD5s7LAEqwsncRK3jotpNOFNmRnxcwoD,36
videos/poulet-farci-riz-06.mov,swisstransfer_ea42cfec-4d66-4e94-87a1-41238782f7f6/IMG_0463.MOV,1cKHgG8iIM-HdYApKJvetwvJvjP5nOtQa,37
videos/poulet-farci-riz-07.mov,swisstransfer_ea42cfec-4d66-4e94-87a1-41238782f7f6/IMG_0464.MOV,1cQrXsYbJ51q11vdx8r8uusbRRBaFH7tX,38
videos/poulet-farci-riz-08.mov,swisstransfer_ea42cfec-4d66-4e94-87a1-41238782f7f6/IMG_0465.MOV,1cSLeUqcxXu0P-Wn7Eun9n1D9hsYrFY4f,39
videos/poulet-farci-riz-09.mov,swisstransfer_ea42cfec-4d66-4e94-87a1-41238782f7f6/IMG_0466.MOV,1cXt3q0yJIDR7zN1lI28z9VmWA1VAJPc0,40
videos/poulet-farci-riz-10.mov,swisstransfer_ea42cfec-4d66-4e94-87a1-41238782f7f6/IMG_0467.MOV,1cZ2a6_EoBP1wYEWIKK5BuPAWZyTlimb8,41
videos/poulet-farci-riz-11.mov,swisstransfer_ea42cfec-4d66-4e94-87a1-41238782f7f6/IMG_0468.MOV,1c_xBYgggTIdynNjc2o1mZZqaZZvELgrg,42
videos/poulet-farci-riz-12.mov,swisstransfer_ea42cfec-4d66-4e94-87a1-41238782f7f6/IMG_0469.MOV,1cdO6wb3xA6VBDEkpvIL-N-cAq2oG1iHa,43
videos/poulet-farci-riz-13.mov,swisstransfer_ea42cfec-4d66-4e94-87a1-41238782f7f6/IMG_0470.MOV,1cepxKeNbolIcqs3gVgeFoJnXiA1zWcIO,44
videos/agneau-entier-riz-01.mov,swisstransfer_ea42cfec-4d66-4e94-87a1-41238782f7f6/IMG_0471.MOV,1coY8YWlHL9vWkXr42slU6c0bLh1g2VB9,45
videos/agneau-entier-riz-02.mov,swisstransfer_ea42cfec-4d66-4e94-87a1-41238782f7f6/IMG_0472.MOV,1cpSSsYtzwMIw0--0u25kWXIpfEDXloBd,46
videos/agneau-entier-riz-03.mov,swisstransfer_ea42cfec-4d66-4e94-87a1-41238782f7f6/IMG_0473.MOV,1crVblTYrvRqs6LHlxFigUoVa1a7TRmlc,47
videos/agneau-entier-riz-04.mov,swisstransfer_ea42cfec-4d66-4e94-87a1-41238782f7f6/IMG_0474.MOV,1cuGURewbh8klP5E8vITUVH74r4RQ0Spw,48
videos/agneau-entier-riz-05.mov,swisstransfer_ea42cfec-4d66-4e94-87a1-41238782f7f6/IMG_0475.MOV,1d6uv3QABsdabkAD6D3F9ImoYsRj4GZnK,49
videos/agneau-entier-riz-06.mov,swisstransfer_ea42cfec-4d66-4e94-87a1-41238782f7f6/IMG_0476.MOV,1d7nRmJawFG2SMDFIWVug144CyBgCjilU,50
videos/agneau-entier-riz-07.mov,swisstransfer_ea42cfec-4d66-4e94-87a1-41238782f7f6/IMG_0477.MOV,1dJODokyH1Gpba7gkfNweYsW7Ubb3a2Xe,51
videos/agneau-entier-riz-08.mov,swisstransfer_ea42cfec-4d66-4e94-87a1-41238782f7f6/IMG_0478.MOV,1dJUec4-toLs48sLz6_5RCjnEDh0UbEHG,52
videos/agneau-entier-riz-09.mov,swisstransfer_ea42cfec-4d66-4e94-87a1-41238782f7f6/IMG_0479.MOV,1dLBsKj-EXDxoU5aU9J8SMT4J_-ipUqqv,53
videos/agneau-entier-riz-10.mov,swisstransfer_ea42cfec-4d66-4e94-87a1-41238782f7f6/IMG_0480.MOV,1dTD7GH9ZNxJ2GsN-BtvdCINIDkcvjYh1,54
videos/agneau-entier-riz-11.mov,swisstransfer_ea42cfec-4d66-4e94-87a1-41238782f7f6/IMG_0481.MOV,1dP-2soQbaI7EUk_mTTdRE-HanuP2Pxch,55
videos/agneau-entier-riz-12.mov,swisstransfer_ea42cfec-4d66-4e94-87a1-41238782f7f6/IMG_0482.MOV,1dUr35mP9qCi_TW_xtBavatXqbfTFmfNF,56
videos/agneau-entier-riz-13.mov,swisstransfer_ea42cfec-4d66-4e94-87a1-41238782f7f6/IMG_0483.MOV,1dWVb7ZOmCwuIw520iP_N_WPGK6c_8diU,57
videos/agneau-entier-riz-14.mov,swisstransfer_ea42cfec-4d66-4e94-87a1-41238782f7f6/IMG_0484.MOV,1dgIAnrdeLDVeUzRZT5CylkdIdxdyxl8x,58
videos/agneau-entier-riz-15.mov,swisstransfer_ea42cfec-4d66-4e94-87a1-41238782f7f6/IMG_0485.MOV,1djLipDmx3mrX4wQoyQ2uSOVGYDNfEadL,59
videos/agneau-entier-riz-16.mov,swisstransfer_ea42cfec-4d66-4e94-87a1-41238782f7f6/IMG_0486.MOV,1dkoHUfZ2_Kq3mmIXPkqjkjwfG_eRczIS,60
videos/agneau-entier-riz-17.mov,swisstransfer_ea42cfec-4d66-4e94-87a1-41238782f7f6/IMG_0487.MOV,1e-NXOfJmIXD5bVQhSdLkaSrX9J43Mlhp,61
videos/agneau-entier-riz-18.mov,swisstransfer_ea42cfec-4d66-4e94-87a1-41238782f7f6/IMG_0488.MOV,1e7UU68HO9zxI-WFClBYStr5QXpsJtN4d,62
videos/agneau-entier-riz-19.mov,swisstransfer_ea42cfec-4d66-4e94-87a1-41238782f7f6/IMG_0489.MOV,1e0CpYEAiQV-iv6qm5d8Fw6gD69r_yTVW,63
videos/riz-dressage-01.mov,swisstransfer_ea42cfec-4d66-4e94-87a1-41238782f7f6/IMG_0490.MOV,1e8zlPj6mv8HitEo4dWSpZrVqGlcADDCi,64
videos/riz-dressage-02.mov,swisstransfer_ea42cfec-4d66-4e94-87a1-41238782f7f6/IMG_0491.MOV,1eDz9TwasVmwZUsnmZISCuz5cw3OQybUl,65
videos/riz-dressage-03.mov,swisstransfer_ea42cfec-4d66-4e94-87a1-41238782f7f6/IMG_0492.MOV,1eGxKsLaCUaN1gOzpO2Mt1b_aPtvibr5H,66
videos/riz-dressage-04.mov,swisstransfer_ea42cfec-4d66-4e94-87a1-41238782f7f6/IMG_0493.MOV,1eYcexTRfC21zdvppCS1r8E-qPMvnUwJL,67
videos/viande-papillote-01.mov,swisstransfer_ea42cfec-4d66-4e94-87a1-41238782f7f6/IMG_0494.MOV,1eW--s9DPavHoIe_WGS2ODAk3Khba7m1u,68
videos/viande-papillote-02.mov,swisstransfer_ea42cfec-4d66-4e94-87a1-41238782f7f6/IMG_0495.MOV,1ea7U9CTdoXPzIAzO-FPVwGio1tgUIYiL,69
videos/viande-papillote-03.mov,swisstransfer_ea42cfec-4d66-4e94-87a1-41238782f7f6/IMG_0496.MOV,1ebzObdOQ5P3ZGnSIeCG5sbThnVZqHHG2,70
videos/viande-papillote-04.mov,swisstransfer_ea42cfec-4d66-4e94-87a1-41238782f7f6/IMG_0497.MOV,1eg9tKovKSIogOOCUSN9HE73cblQbZGcW,71
videos/viande-papillote-05.mov,swisstransfer_ea42cfec-4d66-4e94-87a1-41238782f7f6/IMG_0500.MOV,1egOilXPOQjWB6VeJmtX1wE7JnLH-Kxcl,72
videos/viande-roulee-riz-01.mov,swisstransfer_ea42cfec-4d66-4e94-87a1-41238782f7f6/IMG_0501.MOV,1egx4UwL67LhzR1MxrPel_q09Q-LIJTN-,73
videos/viande-roulee-riz-02.mov,swisstransfer_ea42cfec-4d66-4e94-87a1-41238782f7f6/IMG_0502.MOV,1evITWTEyRtX754hZz7egp5SNJ7id9wCJ,74
videos/viande-roulee-riz-03.mov,swisstransfer_ea42cfec-4d66-4e94-87a1-41238782f7f6/IMG_0503.MOV,1ewG-_7WA2rn4J-loC0sA-NUNB3ewuC_b,75
videos/viande-roulee-riz-04.mov,swisstransfer_ea42cfec-4d66-4e94-87a1-41238782f7f6/IMG_0504.MOV,1fI1wTAVu6nqUG9QfTXO-5Dz_ShhKLxs2,76
videos/viande-roulee-riz-05.mov,swisstransfer_ea42cfec-4d66-4e94-87a1-41238782f7f6/IMG_0505.MOV,1fQHTNtDV3s5SmGNOOgSrXuqcZrmoLRiM,77
videos/viande-roulee-riz-06.mov,swisstransfer_ea42cfec-4d66-4e94-87a1-41238782f7f6/IMG_0506.MOV,1fRZEr2ZwTeptlf55A7W5FmXwvu2Gkped,78
videos/viande-roulee-riz-07.mov,swisstransfer_ea42cfec-4d66-4e94-87a1-41238782f7f6/IMG_0507.MOV,1fXAKItQ-F7LIjG4UB73gr0QmergeRXsr,79
videos/tete-agneau-riz-01.mov,swisstransfer_ea42cfec-4d66-4e94-87a1-41238782f7f6/IMG_0508.MOV,1fYdfhO5Y61Si419FzTZhVZ3DLWBKGOZo,80
videos/tete-agneau-riz-02.mov,swisstransfer_ea42cfec-4d66-4e94-87a1-41238782f7f6/IMG_0509.MOV,1fjmXRuqmL4DwAGPVK2nPcC6Wn08heHLH,81
videos/tete-agneau-riz-03.mov,swisstransfer_ea42cfec-4d66-4e94-87a1-41238782f7f6/IMG_0510.MOV,1fcctfy-kt0cJxovSSeACNpmUlkLKOSdP,82
videos/tete-agneau-riz-04.mov,swisstransfer_ea42cfec-4d66-4e94-87a1-41238782f7f6/IMG_0511.MOV,1fkt3TXvkCsQ0Dh_FiD_1DEXMQJ0cbFdA,83
videos/tete-agneau-riz-05.mov,swisstransfer_ea42cfec-4d66-4e94-87a1-41238782f7f6/IMG_0512.MOV,1fn0FM2TYykzSJtL1me5nD9-jUXqJ6sC_,84
videos/tete-agneau-riz-06.mov,swisstransfer_ea42cfec-4d66-4e94-87a1-41238782f7f6/IMG_0513.MOV,1fvwhpfQU1zu0aj5_JjwRbpUsvloj4zK1,85
videos/tete-agneau-riz-07.mov,swisstransfer_ea42cfec-4d66-4e94-87a1-41238782f7f6/IMG_0514.MOV,1g624_1qfBgWjZOgrr1cgcyYi1ftkZd__,86
videos/tete-agneau-riz-08.mov,swisstransfer_ea42cfec-4d66-4e94-87a1-41238782f7f6/IMG_0515.MOV,1g7BYkW00zofDZwMCGn1O_0VCw_RtvhgX,87
videos/tete-agneau-riz-09.mov,swisstransfer_ea42cfec-4d66-4e94-87a1-41238782f7f6/IMG_0516.MOV,1gBBItLL8OE1i_iOZyw2WoRQilMnQxPH8,88
videos/tete-agneau-riz-10.mov,swisstransfer_ea42cfec-4d66-4e94-87a1-41238782f7f6/IMG_0517.MOV,1gDuXpzqwHLofnyZZ01dAyI_QrSLeuzP-,89
videos/agneau-riz-decoupe-01.mov,swisstransfer_ea42cfec-4d66-4e94-87a1-41238782f7f6/IMG_0518.MOV,1gFY_A38vb2ZCr8QSPk9eywAow_Q_5bNR,90
videos/agneau-riz-decoupe-02.mov,swisstransfer_ea42cfec-4d66-4e94-87a1-41238782f7f6/IMG_0519.MOV,1gJKvWmNUUyTlohaKrORNIBAYvyzKtilo,91
videos/agneau-riz-decoupe-03.mov,swisstransfer_ea42cfec-4d66-4e94-87a1-41238782f7f6/IMG_0520.MOV,1gUNuYf-vOoMYdDKx6o7rYGfIdXDZdvnW,92
videos/agneau-riz-decoupe-04.mov,swisstransfer_ea42cfec-4d66-4e94-87a1-41238782f7f6/IMG_0521.MOV,1gYAccgS6oktIWqsW5hnz-WiPRO8g7NyZ,93
videos/agneau-riz-decoupe-05.mov,swisstransfer_ea42cfec-4d66-4e94-87a1-41238782f7f6/IMG_0522.MOV,1gd1hLKjDedolKHVR5PDvzAW8lOhSzpyJ,94
videos/agneau-riz-decoupe-06.mov,swisstransfer_ea42cfec-4d66-4e94-87a1-41238782f7f6/IMG_0523.MOV,1ghF9qie397rcuIIKmrGUXR6tgyDvL0GZ,95
